{"initial_reset_timestamp": 1542470834.009537, "timestamps": [1542470938.3956091, 1542471041.1110868], "episode_lengths": [677, 677], "episode_rewards": [28768.00000000059, 28775.00000000059], "episode_types": ["t", "t", "t"]}