{"initial_reset_timestamp": 1542220181.1790912, "timestamps": [1542220251.9267852, 1542220321.4090357, 1542220387.8976781, 1542220454.3036978, 1542220521.1363385, 1542220587.5506213, 1542220653.901748, 1542220720.401776, 1542220789.5936258, 1542220856.1502502, 1542220922.3039057, 1542220988.0952034, 1542221054.458251, 1542221120.9202104, 1542221187.2433004, 1542221253.6571715, 1542221320.2372591, 1542221386.4974008, 1542221453.1827831, 1542221519.6103072, 1542221586.1796017, 1542221652.6909385, 1542221718.7361095, 1542221784.9175906, 1542221850.9167178, 1542221916.871133, 1542221982.8912036, 1542222052.2777967, 1542222118.5664809, 1542222184.8337953, 1542222250.6860871, 1542222317.0618412, 1542222383.3458421, 1542222449.7774963, 1542222516.1570828, 1542222582.488825, 1542222648.663202, 1542222714.5473437, 1542222780.6196642, 1542222846.7590165, 1542222913.1119583, 1542222979.6731136, 1542223045.6493118, 1542223112.0587184, 1542223178.2196596, 1542223244.5348897, 1542223310.6896257, 1542223377.3367887, 1542223443.9222066, 1542223510.4046612, 1542223576.9183304, 1542223643.3000424, 1542223709.603516, 1542223776.1237347, 1542223842.9015942, 1542223909.2479942, 1542223975.3370728, 1542224041.6942642, 1542224108.156294, 1542224174.4380164, 1542224240.4791396, 1542224306.774411, 1542224373.048065, 1542224439.5454068, 1542224508.9510865, 1542224575.5172215, 1542224641.908672, 1542224708.3783538, 1542224774.403713, 1542224840.8352418, 1542224906.8359656, 1542224973.5498044, 1542225039.7682283, 1542225105.7849052, 1542225172.0104952, 1542225238.0306485, 1542225304.2442849, 1542225370.4924169, 1542225437.6146474, 1542225504.185959, 1542225570.6651623, 1542225636.7994726, 1542225703.0518036, 1542225769.7249305, 1542225836.7029092, 1542225902.966495, 1542225969.1925516, 1542226035.599125, 1542226101.8349884, 1542226168.0238605, 1542226234.6779637, 1542226300.5358021, 1542226367.1866045, 1542226433.6216207, 1542226499.713221, 1542226566.432243, 1542226632.3204339, 1542226698.5961175, 1542226764.3561096, 1542226830.698674, 1542226896.7562573, 1542226963.039399, 1542227029.22493, 1542227095.464929, 1542227162.0580661, 1542227228.2058017, 1542227294.8753765, 1542227361.1295896, 1542227427.3493226, 1542227493.6224184, 1542227559.8424044, 1542227625.8938284, 1542227692.6022158, 1542227759.2238014, 1542227825.3061693, 1542227891.7266626, 1542227958.2538977, 1542228024.528056, 1542228090.9863355, 1542228157.3317473, 1542228223.446279, 1542228289.4815795, 1542228355.888217, 1542228422.6881142, 1542228488.766221, 1542228558.553919, 1542228625.0351362, 1542228690.9303744, 1542228756.8985932, 1542228822.993962, 1542228889.1390126, 1542228955.4806376, 1542229021.66974, 1542229088.1414573, 1542229154.5389307, 1542229220.9916375, 1542229287.0924637, 1542229353.0206966, 1542229419.2775834, 1542229485.5806859, 1542229551.8267012, 1542229618.103759, 1542229684.6952155, 1542229751.0535493, 1542229817.4033542, 1542229884.144813, 1542229950.608211, 1542230017.1622612, 1542230083.7085094, 1542230149.9037778, 1542230215.9495053, 1542230282.307817, 1542230348.8465383, 1542230414.8114967, 1542230481.1479924, 1542230547.5170438, 1542230613.6293783, 1542230680.0868375, 1542230746.612182, 1542230813.13076, 1542230879.4622934, 1542230946.0304503, 1542231012.5384307, 1542231078.829786, 1542231144.99814, 1542231211.1836283, 1542231277.3437319, 1542231343.9493048, 1542231410.7805119, 1542231477.4686525, 1542231544.1006224, 1542231610.6846516, 1542231677.4408228, 1542231743.8149421, 1542231809.9533691, 1542231876.1724086, 1542231942.0165052, 1542232008.318635, 1542232074.6550076, 1542232141.1853573, 1542232207.6992, 1542232273.9350276, 1542232340.371608, 1542232406.4640074, 1542232472.573254], "episode_lengths": [502, 502, 502, 502, 502, 502, 502, 502, 502, 502, 502, 502, 502, 502, 502, 502, 502, 502, 502, 502, 502, 502, 502, 502, 502, 502, 502, 502, 502, 502, 502, 502, 502, 502, 502, 502, 502, 502, 502, 502, 502, 502, 502, 502, 502, 502, 502, 502, 502, 502, 502, 502, 502, 502, 502, 502, 502, 502, 502, 502, 502, 502, 502, 502, 502, 502, 502, 502, 502, 502, 502, 502, 502, 502, 502, 502, 502, 502, 502, 502, 502, 502, 502, 502, 502, 502, 502, 502, 502, 502, 502, 502, 502, 502, 502, 502, 502, 502, 502, 502, 502, 502, 502, 502, 502, 502, 502, 502, 502, 502, 502, 502, 502, 502, 502, 502, 502, 502, 502, 502, 502, 502, 502, 502, 502, 502, 502, 502, 502, 502, 502, 502, 502, 502, 502, 502, 502, 502, 502, 502, 502, 502, 502, 502, 502, 502, 502, 502, 502, 502, 502, 502, 502, 502, 502, 502, 502, 502, 502, 502, 502, 502, 502, 502, 502, 502, 502, 502, 502, 502, 502, 502, 502, 502, 502, 502, 502, 502, 502, 502, 502, 502, 502, 502, 502], "episode_rewards": [-455.0, -455.0, -455.0, -455.0, -455.0, -455.0, -455.0, -455.0, -455.0, -455.0, -455.0, -455.0, -455.0, -455.0, -455.0, -455.0, -455.0, -455.0, -455.0, -455.0, -455.0, -455.0, -455.0, -455.0, -455.0, -455.0, -455.0, -455.0, -455.0, -455.0, -455.0, -455.0, -455.0, -455.0, -455.0, -455.0, -455.0, -455.0, -455.0, -455.0, -455.0, -455.0, -455.0, -455.0, -455.0, -455.0, -455.0, -455.0, -455.0, -455.0, -455.0, -455.0, -455.0, -455.0, -455.0, -455.0, -455.0, -455.0, -455.0, -455.0, -455.0, -455.0, -455.0, -455.0, -455.0, -455.0, -455.0, -455.0, -455.0, -455.0, -455.0, -455.0, -455.0, -455.0, -455.0, -455.0, -455.0, -455.0, -455.0, -455.0, -455.0, -455.0, -455.0, -455.0, -455.0, -455.0, -455.0, -455.0, -455.0, -455.0, -455.0, -455.0, -455.0, -455.0, -455.0, -455.0, -455.0, -455.0, -455.0, -455.0, -455.0, -455.0, -455.0, -455.0, -455.0, -455.0, -455.0, -455.0, -455.0, -455.0, -455.0, -455.0, -455.0, -455.0, -455.0, -455.0, -455.0, -455.0, -455.0, -455.0, -455.0, -455.0, -455.0, -455.0, -455.0, -455.0, -455.0, -455.0, -455.0, -455.0, -455.0, -455.0, -455.0, -455.0, -455.0, -455.0, -455.0, -455.0, -455.0, -455.0, -455.0, -455.0, -455.0, -455.0, -455.0, -455.0, -455.0, -455.0, -455.0, -455.0, -455.0, -455.0, -455.0, -455.0, -455.0, -455.0, -455.0, -455.0, -455.0, -455.0, -455.0, -455.0, -455.0, -455.0, -455.0, -455.0, -455.0, -455.0, -455.0, -455.0, -455.0, -455.0, -455.0, -455.0, -455.0, -455.0, -455.0, -455.0, -455.0, -455.0, -455.0, -455.0, -455.0, -455.0, -455.0], "episode_types": ["t", "t", "t", "t", "t", "t", "t", "t", "t", "t", "t", "t", "t", "t", "t", "t", "t", "t", "t", "t", "t", "t", "t", "t", "t", "t", "t", "t", "t", "t", "t", "t", "t", "t", "t", "t", "t", "t", "t", "t", "t", "t", "t", "t", "t", "t", "t", "t", "t", "t", "t", "t", "t", "t", "t", "t", "t", "t", "t", "t", "t", "t", "t", "t", "t", "t", "t", "t", "t", "t", "t", "t", "t", "t", "t", "t", "t", "t", "t", "t", "t", "t", "t", "t", "t", "t", "t", "t", "t", "t", "t", "t", "t", "t", "t", "t", "t", "t", "t", "t", "t", "t", "t", "t", "t", "t", "t", "t", "t", "t", "t", "t", "t", "t", "t", "t", "t", "t", "t", "t", "t", "t", "t", "t", "t", "t", "t", "t", "t", "t", "t", "t", "t", "t", "t", "t", "t", "t", "t", "t", "t", "t", "t", "t", "t", "t", "t", "t", "t", "t", "t", "t", "t", "t", "t", "t", "t", "t", "t", "t", "t", "t", "t", "t", "t", "t", "t", "t", "t", "t", "t", "t", "t", "t", "t", "t", "t", "t", "t", "t", "t", "t", "t", "t", "t", "t"]}